,US,Japan,Europe,German,France
0,0.7356202492659095,0.3358732715867084,0.5207341684397315,0.5903419721527653,0.7527984911710999
